event_label,frequency,percentage
Speech,31186,48.34888840656104
Dishes,8677,13.452296052835571
Dog,5457,8.460202784409786
Alarm_bell_ringing,4845,7.511394995504015
Cat,3475,5.387429847136523
Running_water,2827,4.382809835353942
Frying,2566,3.9781712194970695
Blender,1921,2.978202226287557
Electric_shaver_toothbrush,1840,2.8526247248147345
Vacuum_cleaner,1708,2.6479799075997645
