event_label,count,percentage
Speech,31186,48.337647441759536
Dishes,8677,13.449168436226111
Dog,5457,8.458235813816513
Alarm_bell_ringing,4845,7.509648619743634
Cat,3475,5.386177286606631
Running_water,2827,4.3817908458235815
Frying,2566,3.977246307174853
Blender,1921,2.9775098036176515
Electric_shaver_toothbrush,1840,2.85196149851977
Vacuum_cleaner,1708,2.6473642605824823
,15,0.023249686129237255
